date,United States
2020-01-05 00:00:00,
2020-01-06 00:00:00,
2020-01-07 00:00:00,
2020-01-08 00:00:00,
2020-01-09 00:00:00,
2020-01-10 00:00:00,
2020-01-11 00:00:00,
2020-01-12 00:00:00,
2020-01-13 00:00:00,
2020-01-14 00:00:00,
2020-01-15 00:00:00,
2020-01-16 00:00:00,
2020-01-17 00:00:00,0.0
2020-01-18 00:00:00,0.0
2020-01-19 00:00:00,0.0
2020-01-20 00:00:00,0.0
2020-01-21 00:00:00,0.0
2020-01-22 00:00:00,0.0
2020-01-23 00:00:00,0.0
2020-01-24 00:00:00,0.0
2020-01-25 00:00:00,0.0
2020-01-26 00:00:00,7.0
2020-01-27 00:00:00,7.0
2020-01-28 00:00:00,7.0
2020-01-29 00:00:00,7.0
2020-01-30 00:00:00,7.0
2020-01-31 00:00:00,7.0
2020-02-01 00:00:00,7.0
2020-02-02 00:00:00,9.0
2020-02-03 00:00:00,9.0
2020-02-04 00:00:00,9.0
2020-02-05 00:00:00,9.0
2020-02-06 00:00:00,9.0
2020-02-07 00:00:00,9.0
2020-02-08 00:00:00,9.0
2020-02-09 00:00:00,13.0
2020-02-10 00:00:00,13.0
2020-02-11 00:00:00,13.0
2020-02-12 00:00:00,13.0
2020-02-13 00:00:00,13.0
2020-02-14 00:00:00,13.0
2020-02-15 00:00:00,13.0
2020-02-16 00:00:00,15.0
2020-02-17 00:00:00,15.0
2020-02-18 00:00:00,15.0
2020-02-19 00:00:00,15.0
2020-02-20 00:00:00,15.0
2020-02-21 00:00:00,15.0
2020-02-22 00:00:00,15.0
2020-02-23 00:00:00,20.0
2020-02-24 00:00:00,20.0
2020-02-25 00:00:00,20.0
2020-02-26 00:00:00,20.0
2020-02-27 00:00:00,20.0
2020-02-28 00:00:00,20.0
2020-02-29 00:00:00,20.0
2020-03-01 00:00:00,49.0
2020-03-02 00:00:00,49.0
2020-03-03 00:00:00,49.0
2020-03-04 00:00:00,49.0
2020-03-05 00:00:00,49.0
2020-03-06 00:00:00,49.0
2020-03-07 00:00:00,49.0
2020-03-08 00:00:00,424.0
2020-03-09 00:00:00,424.0
2020-03-10 00:00:00,424.0
2020-03-11 00:00:00,424.0
2020-03-12 00:00:00,424.0
2020-03-13 00:00:00,424.0
2020-03-14 00:00:00,424.0
2020-03-15 00:00:00,3856.0
2020-03-16 00:00:00,3856.0
2020-03-17 00:00:00,3856.0
2020-03-18 00:00:00,3856.0
2020-03-19 00:00:00,3856.0
2020-03-20 00:00:00,3856.0
2020-03-21 00:00:00,3856.0
2020-03-22 00:00:00,30951.0
2020-03-23 00:00:00,30951.0
2020-03-24 00:00:00,30951.0
2020-03-25 00:00:00,30951.0
2020-03-26 00:00:00,30951.0
2020-03-27 00:00:00,30951.0
2020-03-28 00:00:00,30951.0
2020-03-29 00:00:00,122380.0
2020-03-30 00:00:00,122380.0
2020-03-31 00:00:00,122380.0
2020-04-01 00:00:00,122380.0
2020-04-02 00:00:00,122380.0
2020-04-03 00:00:00,122380.0
2020-04-04 00:00:00,122380.0
2020-04-05 00:00:00,271045.0
2020-04-06 00:00:00,271045.0
2020-04-07 00:00:00,271045.0
2020-04-08 00:00:00,271045.0
2020-04-09 00:00:00,271045.0
2020-04-10 00:00:00,271045.0
2020-04-11 00:00:00,271045.0
2020-04-12 00:00:00,395323.0
2020-04-13 00:00:00,395323.0
2020-04-14 00:00:00,395323.0
2020-04-15 00:00:00,395323.0
2020-04-16 00:00:00,395323.0
2020-04-17 00:00:00,395323.0
2020-04-18 00:00:00,395323.0
2020-04-19 00:00:00,415322.0
2020-04-20 00:00:00,415322.0
2020-04-21 00:00:00,415322.0
2020-04-22 00:00:00,415322.0
2020-04-23 00:00:00,415322.0
2020-04-24 00:00:00,415322.0
2020-04-25 00:00:00,415322.0
2020-04-26 00:00:00,401315.0
2020-04-27 00:00:00,401315.0
2020-04-28 00:00:00,401315.0
2020-04-29 00:00:00,401315.0
2020-04-30 00:00:00,401315.0
2020-05-01 00:00:00,401315.0
2020-05-02 00:00:00,401315.0
2020-05-03 00:00:00,403601.0
2020-05-04 00:00:00,403601.0
2020-05-05 00:00:00,403601.0
2020-05-06 00:00:00,403601.0
2020-05-07 00:00:00,403601.0
2020-05-08 00:00:00,403601.0
2020-05-09 00:00:00,403601.0
2020-05-10 00:00:00,380682.0
2020-05-11 00:00:00,380682.0
2020-05-12 00:00:00,380682.0
2020-05-13 00:00:00,380682.0
2020-05-14 00:00:00,380682.0
2020-05-15 00:00:00,380682.0
2020-05-16 00:00:00,380682.0
2020-05-17 00:00:00,351278.0
2020-05-18 00:00:00,351278.0
2020-05-19 00:00:00,351278.0
2020-05-20 00:00:00,351278.0
2020-05-21 00:00:00,351278.0
2020-05-22 00:00:00,351278.0
2020-05-23 00:00:00,351278.0
2020-05-24 00:00:00,335357.0
2020-05-25 00:00:00,335357.0
2020-05-26 00:00:00,335357.0
2020-05-27 00:00:00,335357.0
2020-05-28 00:00:00,335357.0
2020-05-29 00:00:00,335357.0
2020-05-30 00:00:00,335357.0
2020-05-31 00:00:00,312761.0
2020-06-01 00:00:00,312761.0
2020-06-02 00:00:00,312761.0
2020-06-03 00:00:00,312761.0
2020-06-04 00:00:00,312761.0
2020-06-05 00:00:00,312761.0
2020-06-06 00:00:00,312761.0
2020-06-07 00:00:00,296216.0
2020-06-08 00:00:00,296216.0
2020-06-09 00:00:00,296216.0
2020-06-10 00:00:00,296216.0
2020-06-11 00:00:00,296216.0
2020-06-12 00:00:00,296216.0
2020-06-13 00:00:00,296216.0
2020-06-14 00:00:00,301656.0
2020-06-15 00:00:00,301656.0
2020-06-16 00:00:00,301656.0
2020-06-17 00:00:00,301656.0
2020-06-18 00:00:00,301656.0
2020-06-19 00:00:00,301656.0
2020-06-20 00:00:00,301656.0
2020-06-21 00:00:00,331897.0
2020-06-22 00:00:00,331897.0
2020-06-23 00:00:00,331897.0
2020-06-24 00:00:00,331897.0
2020-06-25 00:00:00,331897.0
2020-06-26 00:00:00,331897.0
2020-06-27 00:00:00,331897.0
2020-06-28 00:00:00,438299.0
2020-06-29 00:00:00,438299.0
2020-06-30 00:00:00,438299.0
2020-07-01 00:00:00,438299.0
2020-07-02 00:00:00,438299.0
2020-07-03 00:00:00,438299.0
2020-07-04 00:00:00,438299.0
2020-07-05 00:00:00,600444.0
2020-07-06 00:00:00,600444.0
2020-07-07 00:00:00,600444.0
2020-07-08 00:00:00,600444.0
2020-07-09 00:00:00,600444.0
2020-07-10 00:00:00,600444.0
2020-07-11 00:00:00,600444.0
2020-07-12 00:00:00,734371.0
2020-07-13 00:00:00,734371.0
2020-07-14 00:00:00,734371.0
2020-07-15 00:00:00,734371.0
2020-07-16 00:00:00,734371.0
2020-07-17 00:00:00,734371.0
2020-07-18 00:00:00,734371.0
2020-07-19 00:00:00,858472.0
2020-07-20 00:00:00,858472.0
2020-07-21 00:00:00,858472.0
2020-07-22 00:00:00,858472.0
2020-07-23 00:00:00,858472.0
2020-07-24 00:00:00,858472.0
2020-07-25 00:00:00,858472.0
2020-07-26 00:00:00,934168.0
2020-07-27 00:00:00,934168.0
2020-07-28 00:00:00,934168.0
2020-07-29 00:00:00,934168.0
2020-07-30 00:00:00,934168.0
2020-07-31 00:00:00,934168.0
2020-08-01 00:00:00,934168.0
2020-08-02 00:00:00,899151.0
2020-08-03 00:00:00,899151.0
2020-08-04 00:00:00,899151.0
2020-08-05 00:00:00,899151.0
2020-08-06 00:00:00,899151.0
2020-08-07 00:00:00,899151.0
2020-08-08 00:00:00,899151.0
2020-08-09 00:00:00,807159.0
2020-08-10 00:00:00,807159.0
2020-08-11 00:00:00,807159.0
2020-08-12 00:00:00,807159.0
2020-08-13 00:00:00,807159.0
2020-08-14 00:00:00,807159.0
2020-08-15 00:00:00,807159.0
2020-08-16 00:00:00,738571.0
2020-08-17 00:00:00,738571.0
2020-08-18 00:00:00,738571.0
2020-08-19 00:00:00,738571.0
2020-08-20 00:00:00,738571.0
2020-08-21 00:00:00,738571.0
2020-08-22 00:00:00,738571.0
2020-08-23 00:00:00,678450.0
2020-08-24 00:00:00,678450.0
2020-08-25 00:00:00,678450.0
2020-08-26 00:00:00,678450.0
2020-08-27 00:00:00,678450.0
2020-08-28 00:00:00,678450.0
2020-08-29 00:00:00,678450.0
2020-08-30 00:00:00,610734.0
2020-08-31 00:00:00,610734.0
2020-09-01 00:00:00,610734.0
2020-09-02 00:00:00,610734.0
2020-09-03 00:00:00,610734.0
2020-09-04 00:00:00,610734.0
2020-09-05 00:00:00,610734.0
2020-09-06 00:00:00,590199.0
2020-09-07 00:00:00,590199.0
2020-09-08 00:00:00,590199.0
2020-09-09 00:00:00,590199.0
2020-09-10 00:00:00,590199.0
2020-09-11 00:00:00,590199.0
2020-09-12 00:00:00,590199.0
2020-09-13 00:00:00,540874.0
2020-09-14 00:00:00,540874.0
2020-09-15 00:00:00,540874.0
2020-09-16 00:00:00,540874.0
2020-09-17 00:00:00,540874.0
2020-09-18 00:00:00,540874.0
2020-09-19 00:00:00,540874.0
2020-09-20 00:00:00,526598.0
2020-09-21 00:00:00,526598.0
2020-09-22 00:00:00,526598.0
2020-09-23 00:00:00,526598.0
2020-09-24 00:00:00,526598.0
2020-09-25 00:00:00,526598.0
2020-09-26 00:00:00,526598.0
2020-09-27 00:00:00,585751.0
2020-09-28 00:00:00,585751.0
2020-09-29 00:00:00,585751.0
2020-09-30 00:00:00,585751.0
2020-10-01 00:00:00,585751.0
2020-10-02 00:00:00,585751.0
2020-10-03 00:00:00,585751.0
2020-10-04 00:00:00,603122.0
2020-10-05 00:00:00,603122.0
2020-10-06 00:00:00,603122.0
2020-10-07 00:00:00,603122.0
2020-10-08 00:00:00,603122.0
2020-10-09 00:00:00,603122.0
2020-10-10 00:00:00,603122.0
2020-10-11 00:00:00,632597.0
2020-10-12 00:00:00,632597.0
2020-10-13 00:00:00,632597.0
2020-10-14 00:00:00,632597.0
2020-10-15 00:00:00,632597.0
2020-10-16 00:00:00,632597.0
2020-10-17 00:00:00,632597.0
2020-10-18 00:00:00,721883.0
2020-10-19 00:00:00,721883.0
2020-10-20 00:00:00,721883.0
2020-10-21 00:00:00,721883.0
2020-10-22 00:00:00,721883.0
2020-10-23 00:00:00,721883.0
2020-10-24 00:00:00,721883.0
2020-10-25 00:00:00,837072.0
2020-10-26 00:00:00,837072.0
2020-10-27 00:00:00,837072.0
2020-10-28 00:00:00,837072.0
2020-10-29 00:00:00,837072.0
2020-10-30 00:00:00,837072.0
2020-10-31 00:00:00,837072.0
2020-11-01 00:00:00,1008832.0
2020-11-02 00:00:00,1008832.0
2020-11-03 00:00:00,1008832.0
2020-11-04 00:00:00,1008832.0
2020-11-05 00:00:00,1008832.0
2020-11-06 00:00:00,1008832.0
2020-11-07 00:00:00,1008832.0
2020-11-08 00:00:00,1349488.0
2020-11-09 00:00:00,1349488.0
2020-11-10 00:00:00,1349488.0
2020-11-11 00:00:00,1349488.0
2020-11-12 00:00:00,1349488.0
2020-11-13 00:00:00,1349488.0
2020-11-14 00:00:00,1349488.0
2020-11-15 00:00:00,1794939.0
2020-11-16 00:00:00,1794939.0
2020-11-17 00:00:00,1794939.0
2020-11-18 00:00:00,1794939.0
2020-11-19 00:00:00,1794939.0
2020-11-20 00:00:00,1794939.0
2020-11-21 00:00:00,1794939.0
2020-11-22 00:00:00,2180328.0
2020-11-23 00:00:00,2180328.0
2020-11-24 00:00:00,2180328.0
2020-11-25 00:00:00,2180328.0
2020-11-26 00:00:00,2180328.0
2020-11-27 00:00:00,2180328.0
2020-11-28 00:00:00,2180328.0
2020-11-29 00:00:00,2337884.0
2020-11-30 00:00:00,2337884.0
2020-12-01 00:00:00,2337884.0
2020-12-02 00:00:00,2337884.0
2020-12-03 00:00:00,2337884.0
2020-12-04 00:00:00,2337884.0
2020-12-05 00:00:00,2337884.0
2020-12-06 00:00:00,2443333.0
2020-12-07 00:00:00,2443333.0
2020-12-08 00:00:00,2443333.0
2020-12-09 00:00:00,2443333.0
2020-12-10 00:00:00,2443333.0
2020-12-11 00:00:00,2443333.0
2020-12-12 00:00:00,2443333.0
2020-12-13 00:00:00,2749414.0
2020-12-14 00:00:00,2749414.0
2020-12-15 00:00:00,2749414.0
2020-12-16 00:00:00,2749414.0
2020-12-17 00:00:00,2749414.0
2020-12-18 00:00:00,2749414.0
2020-12-19 00:00:00,2749414.0
2020-12-20 00:00:00,2986410.0
2020-12-21 00:00:00,2986410.0
2020-12-22 00:00:00,2986410.0
2020-12-23 00:00:00,2986410.0
2020-12-24 00:00:00,2986410.0
2020-12-25 00:00:00,2986410.0
2020-12-26 00:00:00,2986410.0
2020-12-27 00:00:00,2878050.0
2020-12-28 00:00:00,2878050.0
2020-12-29 00:00:00,2878050.0
2020-12-30 00:00:00,2878050.0
2020-12-31 00:00:00,2878050.0
2021-01-01 00:00:00,2878050.0
2021-01-02 00:00:00,2878050.0
2021-01-03 00:00:00,2741117.0
2021-01-04 00:00:00,2741117.0
2021-01-05 00:00:00,2741117.0
2021-01-06 00:00:00,2741117.0
2021-01-07 00:00:00,2741117.0
2021-01-08 00:00:00,2741117.0
2021-01-09 00:00:00,2741117.0
2021-01-10 00:00:00,3048146.0
2021-01-11 00:00:00,3048146.0
2021-01-12 00:00:00,3048146.0
2021-01-13 00:00:00,3048146.0
2021-01-14 00:00:00,3048146.0
2021-01-15 00:00:00,3048146.0
2021-01-16 00:00:00,3048146.0
2021-01-17 00:00:00,3257106.0
2021-01-18 00:00:00,3257106.0
2021-01-19 00:00:00,3257106.0
2021-01-20 00:00:00,3257106.0
2021-01-21 00:00:00,3257106.0
2021-01-22 00:00:00,3257106.0
2021-01-23 00:00:00,3257106.0
2021-01-24 00:00:00,2855816.0
2021-01-25 00:00:00,2855816.0
2021-01-26 00:00:00,2855816.0
2021-01-27 00:00:00,2855816.0
2021-01-28 00:00:00,2855816.0
2021-01-29 00:00:00,2855816.0
2021-01-30 00:00:00,2855816.0
2021-01-31 00:00:00,2334486.0
2021-02-01 00:00:00,2334486.0
2021-02-02 00:00:00,2334486.0
2021-02-03 00:00:00,2334486.0
2021-02-04 00:00:00,2334486.0
2021-02-05 00:00:00,2334486.0
2021-02-06 00:00:00,2334486.0
2021-02-07 00:00:00,1925875.0
2021-02-08 00:00:00,1925875.0
2021-02-09 00:00:00,1925875.0
2021-02-10 00:00:00,1925875.0
2021-02-11 00:00:00,1925875.0
2021-02-12 00:00:00,1925875.0
2021-02-13 00:00:00,1925875.0
2021-02-14 00:00:00,1527822.0
2021-02-15 00:00:00,1527822.0
2021-02-16 00:00:00,1527822.0
2021-02-17 00:00:00,1527822.0
2021-02-18 00:00:00,1527822.0
2021-02-19 00:00:00,1527822.0
2021-02-20 00:00:00,1527822.0
2021-02-21 00:00:00,1144057.0
2021-02-22 00:00:00,1144057.0
2021-02-23 00:00:00,1144057.0
2021-02-24 00:00:00,1144057.0
2021-02-25 00:00:00,1144057.0
2021-02-26 00:00:00,1144057.0
2021-02-27 00:00:00,1144057.0
2021-02-28 00:00:00,939236.0
2021-03-01 00:00:00,939236.0
2021-03-02 00:00:00,939236.0
2021-03-03 00:00:00,939236.0
2021-03-04 00:00:00,939236.0
2021-03-05 00:00:00,939236.0
2021-03-06 00:00:00,939236.0
2021-03-07 00:00:00,886490.0
2021-03-08 00:00:00,886490.0
2021-03-09 00:00:00,886490.0
2021-03-10 00:00:00,886490.0
2021-03-11 00:00:00,886490.0
2021-03-12 00:00:00,886490.0
2021-03-13 00:00:00,886490.0
2021-03-14 00:00:00,804739.0
2021-03-15 00:00:00,804739.0
2021-03-16 00:00:00,804739.0
2021-03-17 00:00:00,804739.0
2021-03-18 00:00:00,804739.0
2021-03-19 00:00:00,804739.0
2021-03-20 00:00:00,804739.0
2021-03-21 00:00:00,763551.0
2021-03-22 00:00:00,763551.0
2021-03-23 00:00:00,763551.0
2021-03-24 00:00:00,763551.0
2021-03-25 00:00:00,763551.0
2021-03-26 00:00:00,763551.0
2021-03-27 00:00:00,763551.0
2021-03-28 00:00:00,797369.0
2021-03-29 00:00:00,797369.0
2021-03-30 00:00:00,797369.0
2021-03-31 00:00:00,797369.0
2021-04-01 00:00:00,797369.0
2021-04-02 00:00:00,797369.0
2021-04-03 00:00:00,797369.0
2021-04-04 00:00:00,867778.0
2021-04-05 00:00:00,867778.0
2021-04-06 00:00:00,867778.0
2021-04-07 00:00:00,867778.0
2021-04-08 00:00:00,867778.0
2021-04-09 00:00:00,867778.0
2021-04-10 00:00:00,867778.0
2021-04-11 00:00:00,905910.0
2021-04-12 00:00:00,905910.0
2021-04-13 00:00:00,905910.0
2021-04-14 00:00:00,905910.0
2021-04-15 00:00:00,905910.0
2021-04-16 00:00:00,905910.0
2021-04-17 00:00:00,905910.0
2021-04-18 00:00:00,923167.0
2021-04-19 00:00:00,923167.0
2021-04-20 00:00:00,923167.0
2021-04-21 00:00:00,923167.0
2021-04-22 00:00:00,923167.0
2021-04-23 00:00:00,923167.0
2021-04-24 00:00:00,923167.0
2021-04-25 00:00:00,873312.0
2021-04-26 00:00:00,873312.0
2021-04-27 00:00:00,873312.0
2021-04-28 00:00:00,873312.0
2021-04-29 00:00:00,873312.0
2021-04-30 00:00:00,873312.0
2021-05-01 00:00:00,873312.0
2021-05-02 00:00:00,744502.0
2021-05-03 00:00:00,744502.0
2021-05-04 00:00:00,744502.0
2021-05-05 00:00:00,744502.0
2021-05-06 00:00:00,744502.0
2021-05-07 00:00:00,744502.0
2021-05-08 00:00:00,744502.0
2021-05-09 00:00:00,630731.0
2021-05-10 00:00:00,630731.0
2021-05-11 00:00:00,630731.0
2021-05-12 00:00:00,630731.0
2021-05-13 00:00:00,630731.0
2021-05-14 00:00:00,630731.0
2021-05-15 00:00:00,630731.0
2021-05-16 00:00:00,525674.0
2021-05-17 00:00:00,525674.0
2021-05-18 00:00:00,525674.0
2021-05-19 00:00:00,525674.0
2021-05-20 00:00:00,525674.0
2021-05-21 00:00:00,525674.0
2021-05-22 00:00:00,525674.0
2021-05-23 00:00:00,414959.0
2021-05-24 00:00:00,414959.0
2021-05-25 00:00:00,414959.0
2021-05-26 00:00:00,414959.0
2021-05-27 00:00:00,414959.0
2021-05-28 00:00:00,414959.0
2021-05-29 00:00:00,414959.0
2021-05-30 00:00:00,329420.0
2021-05-31 00:00:00,329420.0
2021-06-01 00:00:00,329420.0
2021-06-02 00:00:00,329420.0
2021-06-03 00:00:00,329420.0
2021-06-04 00:00:00,329420.0
2021-06-05 00:00:00,329420.0
2021-06-06 00:00:00,246923.0
2021-06-07 00:00:00,246923.0
2021-06-08 00:00:00,246923.0
2021-06-09 00:00:00,246923.0
2021-06-10 00:00:00,246923.0
2021-06-11 00:00:00,246923.0
2021-06-12 00:00:00,246923.0
2021-06-13 00:00:00,198677.0
2021-06-14 00:00:00,198677.0
2021-06-15 00:00:00,198677.0
2021-06-16 00:00:00,198677.0
2021-06-17 00:00:00,198677.0
2021-06-18 00:00:00,198677.0
2021-06-19 00:00:00,198677.0
2021-06-20 00:00:00,180192.0
2021-06-21 00:00:00,180192.0
2021-06-22 00:00:00,180192.0
2021-06-23 00:00:00,180192.0
2021-06-24 00:00:00,180192.0
2021-06-25 00:00:00,180192.0
2021-06-26 00:00:00,180192.0
2021-06-27 00:00:00,168264.0
2021-06-28 00:00:00,168264.0
2021-06-29 00:00:00,168264.0
2021-06-30 00:00:00,168264.0
2021-07-01 00:00:00,168264.0
2021-07-02 00:00:00,168264.0
2021-07-03 00:00:00,168264.0
2021-07-04 00:00:00,184674.0
2021-07-05 00:00:00,184674.0
2021-07-06 00:00:00,184674.0
2021-07-07 00:00:00,184674.0
2021-07-08 00:00:00,184674.0
2021-07-09 00:00:00,184674.0
2021-07-10 00:00:00,184674.0
2021-07-11 00:00:00,383547.0
2021-07-12 00:00:00,383547.0
2021-07-13 00:00:00,383547.0
2021-07-14 00:00:00,383547.0
2021-07-15 00:00:00,383547.0
2021-07-16 00:00:00,383547.0
2021-07-17 00:00:00,383547.0
2021-07-18 00:00:00,509089.0
2021-07-19 00:00:00,509089.0
2021-07-20 00:00:00,509089.0
2021-07-21 00:00:00,509089.0
2021-07-22 00:00:00,509089.0
2021-07-23 00:00:00,509089.0
2021-07-24 00:00:00,509089.0
2021-07-25 00:00:00,581606.0
2021-07-26 00:00:00,581606.0
2021-07-27 00:00:00,581606.0
2021-07-28 00:00:00,581606.0
2021-07-29 00:00:00,581606.0
2021-07-30 00:00:00,581606.0
2021-07-31 00:00:00,581606.0
2021-08-01 00:00:00,906113.0
2021-08-02 00:00:00,906113.0
2021-08-03 00:00:00,906113.0
2021-08-04 00:00:00,906113.0
2021-08-05 00:00:00,906113.0
2021-08-06 00:00:00,906113.0
2021-08-07 00:00:00,906113.0
2021-08-08 00:00:00,1290142.0
2021-08-09 00:00:00,1290142.0
2021-08-10 00:00:00,1290142.0
2021-08-11 00:00:00,1290142.0
2021-08-12 00:00:00,1290142.0
2021-08-13 00:00:00,1290142.0
2021-08-14 00:00:00,1290142.0
2021-08-15 00:00:00,1629520.0
2021-08-16 00:00:00,1629520.0
2021-08-17 00:00:00,1629520.0
2021-08-18 00:00:00,1629520.0
2021-08-19 00:00:00,1629520.0
2021-08-20 00:00:00,1629520.0
2021-08-21 00:00:00,1629520.0
2021-08-22 00:00:00,1906430.0
2021-08-23 00:00:00,1906430.0
2021-08-24 00:00:00,1906430.0
2021-08-25 00:00:00,1906430.0
2021-08-26 00:00:00,1906430.0
2021-08-27 00:00:00,1906430.0
2021-08-28 00:00:00,1906430.0
2021-08-29 00:00:00,2114856.0
2021-08-30 00:00:00,2114856.0
2021-08-31 00:00:00,2114856.0
2021-09-01 00:00:00,2114856.0
2021-09-02 00:00:00,2114856.0
2021-09-03 00:00:00,2114856.0
2021-09-04 00:00:00,2114856.0
2021-09-05 00:00:00,2239141.0
2021-09-06 00:00:00,2239141.0
2021-09-07 00:00:00,2239141.0
2021-09-08 00:00:00,2239141.0
2021-09-09 00:00:00,2239141.0
2021-09-10 00:00:00,2239141.0
2021-09-11 00:00:00,2239141.0
2021-09-12 00:00:00,2166821.0
2021-09-13 00:00:00,2166821.0
2021-09-14 00:00:00,2166821.0
2021-09-15 00:00:00,2166821.0
2021-09-16 00:00:00,2166821.0
2021-09-17 00:00:00,2166821.0
2021-09-18 00:00:00,2166821.0
2021-09-19 00:00:00,2060024.0
2021-09-20 00:00:00,2060024.0
2021-09-21 00:00:00,2060024.0
2021-09-22 00:00:00,2060024.0
2021-09-23 00:00:00,2060024.0
2021-09-24 00:00:00,2060024.0
2021-09-25 00:00:00,2060024.0
2021-09-26 00:00:00,1889748.0
2021-09-27 00:00:00,1889748.0
2021-09-28 00:00:00,1889748.0
2021-09-29 00:00:00,1889748.0
2021-09-30 00:00:00,1889748.0
2021-10-01 00:00:00,1889748.0
2021-10-02 00:00:00,1889748.0
2021-10-03 00:00:00,1607982.0
2021-10-04 00:00:00,1607982.0
2021-10-05 00:00:00,1607982.0
2021-10-06 00:00:00,1607982.0
2021-10-07 00:00:00,1607982.0
2021-10-08 00:00:00,1607982.0
2021-10-09 00:00:00,1607982.0
2021-10-10 00:00:00,1437672.0
2021-10-11 00:00:00,1437672.0
2021-10-12 00:00:00,1437672.0
2021-10-13 00:00:00,1437672.0
2021-10-14 00:00:00,1437672.0
2021-10-15 00:00:00,1437672.0
2021-10-16 00:00:00,1437672.0
2021-10-17 00:00:00,1264221.0
2021-10-18 00:00:00,1264221.0
2021-10-19 00:00:00,1264221.0
2021-10-20 00:00:00,1264221.0
2021-10-21 00:00:00,1264221.0
2021-10-22 00:00:00,1264221.0
2021-10-23 00:00:00,1264221.0
2021-10-24 00:00:00,1090780.0
2021-10-25 00:00:00,1090780.0
2021-10-26 00:00:00,1090780.0
2021-10-27 00:00:00,1090780.0
2021-10-28 00:00:00,1090780.0
2021-10-29 00:00:00,1090780.0
2021-10-30 00:00:00,1090780.0
2021-10-31 00:00:00,1034729.0
2021-11-01 00:00:00,1034729.0
2021-11-02 00:00:00,1034729.0
2021-11-03 00:00:00,1034729.0
2021-11-04 00:00:00,1034729.0
2021-11-05 00:00:00,1034729.0
2021-11-06 00:00:00,1034729.0
2021-11-07 00:00:00,1036397.0
2021-11-08 00:00:00,1036397.0
2021-11-09 00:00:00,1036397.0
2021-11-10 00:00:00,1036397.0
2021-11-11 00:00:00,1036397.0
2021-11-12 00:00:00,1036397.0
2021-11-13 00:00:00,1036397.0
2021-11-14 00:00:00,1067391.0
2021-11-15 00:00:00,1067391.0
2021-11-16 00:00:00,1067391.0
2021-11-17 00:00:00,1067391.0
2021-11-18 00:00:00,1067391.0
2021-11-19 00:00:00,1067391.0
2021-11-20 00:00:00,1067391.0
2021-11-21 00:00:00,1234056.0
2021-11-22 00:00:00,1234056.0
2021-11-23 00:00:00,1234056.0
2021-11-24 00:00:00,1234056.0
2021-11-25 00:00:00,1234056.0
2021-11-26 00:00:00,1234056.0
2021-11-27 00:00:00,1234056.0
2021-11-28 00:00:00,1269270.0
2021-11-29 00:00:00,1269270.0
2021-11-30 00:00:00,1269270.0
2021-12-01 00:00:00,1269270.0
2021-12-02 00:00:00,1269270.0
2021-12-03 00:00:00,1269270.0
2021-12-04 00:00:00,1269270.0
2021-12-05 00:00:00,1343411.0
2021-12-06 00:00:00,1343411.0
2021-12-07 00:00:00,1343411.0
2021-12-08 00:00:00,1343411.0
2021-12-09 00:00:00,1343411.0
2021-12-10 00:00:00,1343411.0
2021-12-11 00:00:00,1343411.0
2021-12-12 00:00:00,1585986.0
2021-12-13 00:00:00,1585986.0
2021-12-14 00:00:00,1585986.0
2021-12-15 00:00:00,1585986.0
2021-12-16 00:00:00,1585986.0
2021-12-17 00:00:00,1585986.0
2021-12-18 00:00:00,1585986.0
2021-12-19 00:00:00,1734078.0
2021-12-20 00:00:00,1734078.0
2021-12-21 00:00:00,1734078.0
2021-12-22 00:00:00,1734078.0
2021-12-23 00:00:00,1734078.0
2021-12-24 00:00:00,1734078.0
2021-12-25 00:00:00,1734078.0
2021-12-26 00:00:00,2316528.0
2021-12-27 00:00:00,2316528.0
2021-12-28 00:00:00,2316528.0
2021-12-29 00:00:00,2316528.0
2021-12-30 00:00:00,2316528.0
2021-12-31 00:00:00,2316528.0
2022-01-01 00:00:00,2316528.0
2022-01-02 00:00:00,4129457.0
2022-01-03 00:00:00,4129457.0
2022-01-04 00:00:00,4129457.0
2022-01-05 00:00:00,4129457.0
2022-01-06 00:00:00,4129457.0
2022-01-07 00:00:00,4129457.0
2022-01-08 00:00:00,4129457.0
2022-01-09 00:00:00,7394935.0
2022-01-10 00:00:00,7394935.0
2022-01-11 00:00:00,7394935.0
2022-01-12 00:00:00,7394935.0
2022-01-13 00:00:00,7394935.0
2022-01-14 00:00:00,7394935.0
2022-01-15 00:00:00,7394935.0
2022-01-16 00:00:00,10333830.0
2022-01-17 00:00:00,10333830.0
2022-01-18 00:00:00,10333830.0
2022-01-19 00:00:00,10333830.0
2022-01-20 00:00:00,10333830.0
2022-01-21 00:00:00,10333830.0
2022-01-22 00:00:00,10333830.0
2022-01-23 00:00:00,10693821.0
2022-01-24 00:00:00,10693821.0
2022-01-25 00:00:00,10693821.0
2022-01-26 00:00:00,10693821.0
2022-01-27 00:00:00,10693821.0
2022-01-28 00:00:00,10693821.0
2022-01-29 00:00:00,10693821.0
2022-01-30 00:00:00,8832150.0
2022-01-31 00:00:00,8832150.0
2022-02-01 00:00:00,8832150.0
2022-02-02 00:00:00,8832150.0
2022-02-03 00:00:00,8832150.0
2022-02-04 00:00:00,8832150.0
2022-02-05 00:00:00,8832150.0
2022-02-06 00:00:00,5977972.0
2022-02-07 00:00:00,5977972.0
2022-02-08 00:00:00,5977972.0
2022-02-09 00:00:00,5977972.0
2022-02-10 00:00:00,5977972.0
2022-02-11 00:00:00,5977972.0
2022-02-12 00:00:00,5977972.0
2022-02-13 00:00:00,3410822.0
2022-02-14 00:00:00,3410822.0
2022-02-15 00:00:00,3410822.0
2022-02-16 00:00:00,3410822.0
2022-02-17 00:00:00,3410822.0
2022-02-18 00:00:00,3410822.0
2022-02-19 00:00:00,3410822.0
2022-02-20 00:00:00,1930268.0
2022-02-21 00:00:00,1930268.0
2022-02-22 00:00:00,1930268.0
2022-02-23 00:00:00,1930268.0
2022-02-24 00:00:00,1930268.0
2022-02-25 00:00:00,1930268.0
2022-02-26 00:00:00,1930268.0
2022-02-27 00:00:00,1166428.0
2022-02-28 00:00:00,1166428.0
2022-03-01 00:00:00,1166428.0
2022-03-02 00:00:00,1166428.0
2022-03-03 00:00:00,1166428.0
2022-03-04 00:00:00,1166428.0
2022-03-05 00:00:00,1166428.0
2022-03-06 00:00:00,790781.0
2022-03-07 00:00:00,790781.0
2022-03-08 00:00:00,790781.0
2022-03-09 00:00:00,790781.0
2022-03-10 00:00:00,790781.0
2022-03-11 00:00:00,790781.0
2022-03-12 00:00:00,790781.0
2022-03-13 00:00:00,566841.0
2022-03-14 00:00:00,566841.0
2022-03-15 00:00:00,566841.0
2022-03-16 00:00:00,566841.0
2022-03-17 00:00:00,566841.0
2022-03-18 00:00:00,566841.0
2022-03-19 00:00:00,566841.0
2022-03-20 00:00:00,443072.0
2022-03-21 00:00:00,443072.0
2022-03-22 00:00:00,443072.0
2022-03-23 00:00:00,443072.0
2022-03-24 00:00:00,443072.0
2022-03-25 00:00:00,443072.0
2022-03-26 00:00:00,443072.0
2022-03-27 00:00:00,402209.0
2022-03-28 00:00:00,402209.0
2022-03-29 00:00:00,402209.0
2022-03-30 00:00:00,402209.0
2022-03-31 00:00:00,402209.0
2022-04-01 00:00:00,402209.0
2022-04-02 00:00:00,402209.0
2022-04-03 00:00:00,387933.0
2022-04-04 00:00:00,387933.0
2022-04-05 00:00:00,387933.0
2022-04-06 00:00:00,387933.0
2022-04-07 00:00:00,387933.0
2022-04-08 00:00:00,387933.0
2022-04-09 00:00:00,387933.0
2022-04-10 00:00:00,395656.0
2022-04-11 00:00:00,395656.0
2022-04-12 00:00:00,395656.0
2022-04-13 00:00:00,395656.0
2022-04-14 00:00:00,395656.0
2022-04-15 00:00:00,395656.0
2022-04-16 00:00:00,395656.0
2022-04-17 00:00:00,449131.0
2022-04-18 00:00:00,449131.0
2022-04-19 00:00:00,449131.0
2022-04-20 00:00:00,449131.0
2022-04-21 00:00:00,449131.0
2022-04-22 00:00:00,449131.0
2022-04-23 00:00:00,449131.0
2022-04-24 00:00:00,548660.0
2022-04-25 00:00:00,548660.0
2022-04-26 00:00:00,548660.0
2022-04-27 00:00:00,548660.0
2022-04-28 00:00:00,548660.0
2022-04-29 00:00:00,548660.0
2022-04-30 00:00:00,548660.0
2022-05-01 00:00:00,679270.0
2022-05-02 00:00:00,679270.0
2022-05-03 00:00:00,679270.0
2022-05-04 00:00:00,679270.0
2022-05-05 00:00:00,679270.0
2022-05-06 00:00:00,679270.0
2022-05-07 00:00:00,679270.0
2022-05-08 00:00:00,844207.0
2022-05-09 00:00:00,844207.0
2022-05-10 00:00:00,844207.0
2022-05-11 00:00:00,844207.0
2022-05-12 00:00:00,844207.0
2022-05-13 00:00:00,844207.0
2022-05-14 00:00:00,844207.0
2022-05-15 00:00:00,1070613.0
2022-05-16 00:00:00,1070613.0
2022-05-17 00:00:00,1070613.0
2022-05-18 00:00:00,1070613.0
2022-05-19 00:00:00,1070613.0
2022-05-20 00:00:00,1070613.0
2022-05-21 00:00:00,1070613.0
2022-05-22 00:00:00,1339450.0
2022-05-23 00:00:00,1339450.0
2022-05-24 00:00:00,1339450.0
2022-05-25 00:00:00,1339450.0
2022-05-26 00:00:00,1339450.0
2022-05-27 00:00:00,1339450.0
2022-05-28 00:00:00,1339450.0
2022-05-29 00:00:00,1475215.0
2022-05-30 00:00:00,1475215.0
2022-05-31 00:00:00,1475215.0
2022-06-01 00:00:00,1475215.0
2022-06-02 00:00:00,1475215.0
2022-06-03 00:00:00,1475215.0
2022-06-04 00:00:00,1475215.0
2022-06-05 00:00:00,1416347.0
2022-06-06 00:00:00,1416347.0
2022-06-07 00:00:00,1416347.0
2022-06-08 00:00:00,1416347.0
2022-06-09 00:00:00,1416347.0
2022-06-10 00:00:00,1416347.0
2022-06-11 00:00:00,1416347.0
2022-06-12 00:00:00,1416671.0
2022-06-13 00:00:00,1416671.0
2022-06-14 00:00:00,1416671.0
2022-06-15 00:00:00,1416671.0
2022-06-16 00:00:00,1416671.0
2022-06-17 00:00:00,1416671.0
2022-06-18 00:00:00,1416671.0
2022-06-19 00:00:00,1413300.0
2022-06-20 00:00:00,1413300.0
2022-06-21 00:00:00,1413300.0
2022-06-22 00:00:00,1413300.0
2022-06-23 00:00:00,1413300.0
2022-06-24 00:00:00,1413300.0
2022-06-25 00:00:00,1413300.0
2022-06-26 00:00:00,1381893.0
2022-06-27 00:00:00,1381893.0
2022-06-28 00:00:00,1381893.0
2022-06-29 00:00:00,1381893.0
2022-06-30 00:00:00,1381893.0
2022-07-01 00:00:00,1381893.0
2022-07-02 00:00:00,1381893.0
2022-07-03 00:00:00,1483409.0
2022-07-04 00:00:00,1483409.0
2022-07-05 00:00:00,1483409.0
2022-07-06 00:00:00,1483409.0
2022-07-07 00:00:00,1483409.0
2022-07-08 00:00:00,1483409.0
2022-07-09 00:00:00,1483409.0
2022-07-10 00:00:00,1517541.0
2022-07-11 00:00:00,1517541.0
2022-07-12 00:00:00,1517541.0
2022-07-13 00:00:00,1517541.0
2022-07-14 00:00:00,1517541.0
2022-07-15 00:00:00,1517541.0
2022-07-16 00:00:00,1517541.0
2022-07-17 00:00:00,1631998.0
2022-07-18 00:00:00,1631998.0
2022-07-19 00:00:00,1631998.0
2022-07-20 00:00:00,1631998.0
2022-07-21 00:00:00,1631998.0
2022-07-22 00:00:00,1631998.0
2022-07-23 00:00:00,1631998.0
2022-07-24 00:00:00,1796924.0
2022-07-25 00:00:00,1796924.0
2022-07-26 00:00:00,1796924.0
2022-07-27 00:00:00,1796924.0
2022-07-28 00:00:00,1796924.0
2022-07-29 00:00:00,1796924.0
2022-07-30 00:00:00,1796924.0
2022-07-31 00:00:00,1856678.0
2022-08-01 00:00:00,1856678.0
2022-08-02 00:00:00,1856678.0
2022-08-03 00:00:00,1856678.0
2022-08-04 00:00:00,1856678.0
2022-08-05 00:00:00,1856678.0
2022-08-06 00:00:00,1856678.0
2022-08-07 00:00:00,1736034.0
2022-08-08 00:00:00,1736034.0
2022-08-09 00:00:00,1736034.0
2022-08-10 00:00:00,1736034.0
2022-08-11 00:00:00,1736034.0
2022-08-12 00:00:00,1736034.0
2022-08-13 00:00:00,1736034.0
2022-08-14 00:00:00,1489669.0
2022-08-15 00:00:00,1489669.0
2022-08-16 00:00:00,1489669.0
2022-08-17 00:00:00,1489669.0
2022-08-18 00:00:00,1489669.0
2022-08-19 00:00:00,1489669.0
2022-08-20 00:00:00,1489669.0
2022-08-21 00:00:00,1346543.0
2022-08-22 00:00:00,1346543.0
2022-08-23 00:00:00,1346543.0
2022-08-24 00:00:00,1346543.0
2022-08-25 00:00:00,1346543.0
2022-08-26 00:00:00,1346543.0
2022-08-27 00:00:00,1346543.0
2022-08-28 00:00:00,1255254.0
2022-08-29 00:00:00,1255254.0
2022-08-30 00:00:00,1255254.0
2022-08-31 00:00:00,1255254.0
2022-09-01 00:00:00,1255254.0
2022-09-02 00:00:00,1255254.0
2022-09-03 00:00:00,1255254.0
2022-09-04 00:00:00,1190692.0
2022-09-05 00:00:00,1190692.0
2022-09-06 00:00:00,1190692.0
2022-09-07 00:00:00,1190692.0
2022-09-08 00:00:00,1190692.0
2022-09-09 00:00:00,1190692.0
2022-09-10 00:00:00,1190692.0
2022-09-11 00:00:00,1029872.0
2022-09-12 00:00:00,1029872.0
2022-09-13 00:00:00,1029872.0
2022-09-14 00:00:00,1029872.0
2022-09-15 00:00:00,1029872.0
2022-09-16 00:00:00,1029872.0
2022-09-17 00:00:00,1029872.0
2022-09-18 00:00:00,856410.0
2022-09-19 00:00:00,856410.0
2022-09-20 00:00:00,856410.0
2022-09-21 00:00:00,856410.0
2022-09-22 00:00:00,856410.0
2022-09-23 00:00:00,856410.0
2022-09-24 00:00:00,856410.0
2022-09-25 00:00:00,775626.0
2022-09-26 00:00:00,775626.0
2022-09-27 00:00:00,775626.0
2022-09-28 00:00:00,775626.0
2022-09-29 00:00:00,775626.0
2022-09-30 00:00:00,775626.0
2022-10-01 00:00:00,775626.0
2022-10-02 00:00:00,689959.0
2022-10-03 00:00:00,689959.0
2022-10-04 00:00:00,689959.0
2022-10-05 00:00:00,689959.0
2022-10-06 00:00:00,689959.0
2022-10-07 00:00:00,689959.0
2022-10-08 00:00:00,689959.0
2022-10-09 00:00:00,601818.0
2022-10-10 00:00:00,601818.0
2022-10-11 00:00:00,601818.0
2022-10-12 00:00:00,601818.0
2022-10-13 00:00:00,601818.0
2022-10-14 00:00:00,601818.0
2022-10-15 00:00:00,601818.0
2022-10-16 00:00:00,531864.0
2022-10-17 00:00:00,531864.0
2022-10-18 00:00:00,531864.0
2022-10-19 00:00:00,531864.0
2022-10-20 00:00:00,531864.0
2022-10-21 00:00:00,531864.0
2022-10-22 00:00:00,531864.0
2022-10-23 00:00:00,535014.0
2022-10-24 00:00:00,535014.0
2022-10-25 00:00:00,535014.0
2022-10-26 00:00:00,535014.0
2022-10-27 00:00:00,535014.0
2022-10-28 00:00:00,535014.0
2022-10-29 00:00:00,535014.0
2022-10-30 00:00:00,538890.0
2022-10-31 00:00:00,538890.0
2022-11-01 00:00:00,538890.0
2022-11-02 00:00:00,538890.0
2022-11-03 00:00:00,538890.0
2022-11-04 00:00:00,538890.0
2022-11-05 00:00:00,538890.0
2022-11-06 00:00:00,522460.0
2022-11-07 00:00:00,522460.0
2022-11-08 00:00:00,522460.0
2022-11-09 00:00:00,522460.0
2022-11-10 00:00:00,522460.0
2022-11-11 00:00:00,522460.0
2022-11-12 00:00:00,522460.0
2022-11-13 00:00:00,550201.0
2022-11-14 00:00:00,550201.0
2022-11-15 00:00:00,550201.0
2022-11-16 00:00:00,550201.0
2022-11-17 00:00:00,550201.0
2022-11-18 00:00:00,550201.0
2022-11-19 00:00:00,550201.0
2022-11-20 00:00:00,557881.0
2022-11-21 00:00:00,557881.0
2022-11-22 00:00:00,557881.0
2022-11-23 00:00:00,557881.0
2022-11-24 00:00:00,557881.0
2022-11-25 00:00:00,557881.0
2022-11-26 00:00:00,557881.0
2022-11-27 00:00:00,575155.0
2022-11-28 00:00:00,575155.0
2022-11-29 00:00:00,575155.0
2022-11-30 00:00:00,575155.0
2022-12-01 00:00:00,575155.0
2022-12-02 00:00:00,575155.0
2022-12-03 00:00:00,575155.0
2022-12-04 00:00:00,602770.0
2022-12-05 00:00:00,602770.0
2022-12-06 00:00:00,602770.0
2022-12-07 00:00:00,602770.0
2022-12-08 00:00:00,602770.0
2022-12-09 00:00:00,602770.0
2022-12-10 00:00:00,602770.0
2022-12-11 00:00:00,764822.0
2022-12-12 00:00:00,764822.0
2022-12-13 00:00:00,764822.0
2022-12-14 00:00:00,764822.0
2022-12-15 00:00:00,764822.0
2022-12-16 00:00:00,764822.0
2022-12-17 00:00:00,764822.0
2022-12-18 00:00:00,908237.0
2022-12-19 00:00:00,908237.0
2022-12-20 00:00:00,908237.0
2022-12-21 00:00:00,908237.0
2022-12-22 00:00:00,908237.0
2022-12-23 00:00:00,908237.0
2022-12-24 00:00:00,908237.0
2022-12-25 00:00:00,954023.0
2022-12-26 00:00:00,954023.0
2022-12-27 00:00:00,954023.0
2022-12-28 00:00:00,954023.0
2022-12-29 00:00:00,954023.0
2022-12-30 00:00:00,954023.0
2022-12-31 00:00:00,954023.0
2023-01-01 00:00:00,900212.0
2023-01-02 00:00:00,900212.0
2023-01-03 00:00:00,900212.0
2023-01-04 00:00:00,900212.0
2023-01-05 00:00:00,900212.0
2023-01-06 00:00:00,900212.0
2023-01-07 00:00:00,900212.0
2023-01-08 00:00:00,863917.0
2023-01-09 00:00:00,863917.0
2023-01-10 00:00:00,863917.0
2023-01-11 00:00:00,863917.0
2023-01-12 00:00:00,863917.0
2023-01-13 00:00:00,863917.0
2023-01-14 00:00:00,863917.0
2023-01-15 00:00:00,919806.0
2023-01-16 00:00:00,919806.0
2023-01-17 00:00:00,919806.0
2023-01-18 00:00:00,919806.0
2023-01-19 00:00:00,919806.0
2023-01-20 00:00:00,919806.0
2023-01-21 00:00:00,919806.0
2023-01-22 00:00:00,756117.0
2023-01-23 00:00:00,756117.0
2023-01-24 00:00:00,756117.0
2023-01-25 00:00:00,756117.0
2023-01-26 00:00:00,756117.0
2023-01-27 00:00:00,756117.0
2023-01-28 00:00:00,756117.0
2023-01-29 00:00:00,602892.0
2023-01-30 00:00:00,602892.0
2023-01-31 00:00:00,602892.0
2023-02-01 00:00:00,602892.0
2023-02-02 00:00:00,602892.0
2023-02-03 00:00:00,602892.0
2023-02-04 00:00:00,602892.0
2023-02-05 00:00:00,580269.0
2023-02-06 00:00:00,580269.0
2023-02-07 00:00:00,580269.0
2023-02-08 00:00:00,580269.0
2023-02-09 00:00:00,580269.0
2023-02-10 00:00:00,580269.0
2023-02-11 00:00:00,580269.0
2023-02-12 00:00:00,563630.0
2023-02-13 00:00:00,563630.0
2023-02-14 00:00:00,563630.0
2023-02-15 00:00:00,563630.0
2023-02-16 00:00:00,563630.0
2023-02-17 00:00:00,563630.0
2023-02-18 00:00:00,563630.0
2023-02-19 00:00:00,532600.0
2023-02-20 00:00:00,532600.0
2023-02-21 00:00:00,532600.0
2023-02-22 00:00:00,532600.0
2023-02-23 00:00:00,532600.0
2023-02-24 00:00:00,532600.0
2023-02-25 00:00:00,532600.0
2023-02-26 00:00:00,521540.0
2023-02-27 00:00:00,521540.0
2023-02-28 00:00:00,521540.0
2023-03-01 00:00:00,521540.0
2023-03-02 00:00:00,521540.0
2023-03-03 00:00:00,521540.0
2023-03-04 00:00:00,521540.0
2023-03-05 00:00:00,494996.0
2023-03-06 00:00:00,494996.0
2023-03-07 00:00:00,494996.0
2023-03-08 00:00:00,494996.0
2023-03-09 00:00:00,494996.0
2023-03-10 00:00:00,494996.0
2023-03-11 00:00:00,494996.0
2023-03-12 00:00:00,398421.0
2023-03-13 00:00:00,398421.0
2023-03-14 00:00:00,398421.0
2023-03-15 00:00:00,398421.0
2023-03-16 00:00:00,398421.0
2023-03-17 00:00:00,398421.0
2023-03-18 00:00:00,398421.0
2023-03-19 00:00:00,297206.0
2023-03-20 00:00:00,297206.0
2023-03-21 00:00:00,297206.0
2023-03-22 00:00:00,297206.0
2023-03-23 00:00:00,297206.0
2023-03-24 00:00:00,297206.0
2023-03-25 00:00:00,297206.0
2023-03-26 00:00:00,279581.0
2023-03-27 00:00:00,279581.0
2023-03-28 00:00:00,279581.0
2023-03-29 00:00:00,279581.0
2023-03-30 00:00:00,279581.0
2023-03-31 00:00:00,279581.0
2023-04-01 00:00:00,279581.0
2023-04-02 00:00:00,329326.0
2023-04-03 00:00:00,329326.0
2023-04-04 00:00:00,329326.0
2023-04-05 00:00:00,329326.0
2023-04-06 00:00:00,329326.0
2023-04-07 00:00:00,329326.0
2023-04-08 00:00:00,329326.0
2023-04-09 00:00:00,279830.0
2023-04-10 00:00:00,279830.0
2023-04-11 00:00:00,279830.0
2023-04-12 00:00:00,279830.0
2023-04-13 00:00:00,279830.0
2023-04-14 00:00:00,279830.0
2023-04-15 00:00:00,279830.0
2023-04-16 00:00:00,207529.0
2023-04-17 00:00:00,207529.0
2023-04-18 00:00:00,207529.0
2023-04-19 00:00:00,207529.0
2023-04-20 00:00:00,207529.0
2023-04-21 00:00:00,207529.0
2023-04-22 00:00:00,207529.0
2023-04-23 00:00:00,202524.0
2023-04-24 00:00:00,202524.0
2023-04-25 00:00:00,202524.0
2023-04-26 00:00:00,202524.0
2023-04-27 00:00:00,202524.0
2023-04-28 00:00:00,202524.0
2023-04-29 00:00:00,202524.0
2023-04-30 00:00:00,184951.0
2023-05-01 00:00:00,184951.0
2023-05-02 00:00:00,184951.0
2023-05-03 00:00:00,184951.0
2023-05-04 00:00:00,184951.0
2023-05-05 00:00:00,184951.0
2023-05-06 00:00:00,184951.0
2023-05-07 00:00:00,163649.0
2023-05-08 00:00:00,163649.0
2023-05-09 00:00:00,163649.0
2023-05-10 00:00:00,163649.0
2023-05-11 00:00:00,163649.0
2023-05-12 00:00:00,163649.0
2023-05-13 00:00:00,163649.0
2023-05-14 00:00:00,170425.0
2023-05-15 00:00:00,170425.0
2023-05-16 00:00:00,170425.0
2023-05-17 00:00:00,170425.0
2023-05-18 00:00:00,170425.0
2023-05-19 00:00:00,170425.0
2023-05-20 00:00:00,170425.0
2023-05-21 00:00:00,
2023-05-22 00:00:00,
2023-05-23 00:00:00,
2023-05-24 00:00:00,
2023-05-25 00:00:00,
2023-05-26 00:00:00,
2023-05-27 00:00:00,
2023-05-28 00:00:00,
2023-05-29 00:00:00,
2023-05-30 00:00:00,
2023-05-31 00:00:00,
2023-06-01 00:00:00,
2023-06-02 00:00:00,
2023-06-03 00:00:00,
2023-06-04 00:00:00,
2023-06-05 00:00:00,
2023-06-06 00:00:00,
2023-06-07 00:00:00,
2023-06-08 00:00:00,
2023-06-09 00:00:00,
2023-06-10 00:00:00,
2023-06-11 00:00:00,
2023-06-12 00:00:00,
2023-06-13 00:00:00,
2023-06-14 00:00:00,
2023-06-15 00:00:00,
2023-06-16 00:00:00,
2023-06-17 00:00:00,
2023-06-18 00:00:00,
2023-06-19 00:00:00,
2023-06-20 00:00:00,
2023-06-21 00:00:00,
2023-06-22 00:00:00,
2023-06-23 00:00:00,
2023-06-24 00:00:00,
2023-06-25 00:00:00,
2023-06-26 00:00:00,
2023-06-27 00:00:00,
2023-06-28 00:00:00,
2023-06-29 00:00:00,
2023-06-30 00:00:00,
2023-07-01 00:00:00,
2023-07-02 00:00:00,
2023-07-03 00:00:00,
2023-07-04 00:00:00,
2023-07-05 00:00:00,
2023-07-06 00:00:00,
2023-07-07 00:00:00,
2023-07-08 00:00:00,
2023-07-09 00:00:00,
2023-07-10 00:00:00,
2023-07-11 00:00:00,
2023-07-12 00:00:00,
2023-07-13 00:00:00,
2023-07-14 00:00:00,
2023-07-15 00:00:00,
2023-07-16 00:00:00,
2023-07-17 00:00:00,
2023-07-18 00:00:00,
2023-07-19 00:00:00,
2023-07-20 00:00:00,
2023-07-21 00:00:00,
2023-07-22 00:00:00,
2023-07-23 00:00:00,
2023-07-24 00:00:00,
2023-07-25 00:00:00,
2023-07-26 00:00:00,
2023-07-27 00:00:00,
2023-07-28 00:00:00,
2023-07-29 00:00:00,
2023-07-30 00:00:00,
2023-07-31 00:00:00,
2023-08-01 00:00:00,
2023-08-02 00:00:00,
2023-08-03 00:00:00,
2023-08-04 00:00:00,
2023-08-05 00:00:00,
2023-08-06 00:00:00,
2023-08-07 00:00:00,
2023-08-08 00:00:00,
2023-08-09 00:00:00,
2023-08-10 00:00:00,
2023-08-11 00:00:00,
2023-08-12 00:00:00,
2023-08-13 00:00:00,
2023-08-14 00:00:00,
2023-08-15 00:00:00,
2023-08-16 00:00:00,
2023-08-17 00:00:00,
2023-08-18 00:00:00,
2023-08-19 00:00:00,
2023-08-20 00:00:00,
2023-08-21 00:00:00,
2023-08-22 00:00:00,
2023-08-23 00:00:00,
2023-08-24 00:00:00,
2023-08-25 00:00:00,
2023-08-26 00:00:00,
2023-08-27 00:00:00,
2023-08-28 00:00:00,
2023-08-29 00:00:00,
2023-08-30 00:00:00,
2023-08-31 00:00:00,
2023-09-01 00:00:00,
2023-09-02 00:00:00,
2023-09-03 00:00:00,
2023-09-04 00:00:00,
2023-09-05 00:00:00,
2023-09-06 00:00:00,
2023-09-07 00:00:00,
2023-09-08 00:00:00,
2023-09-09 00:00:00,
2023-09-10 00:00:00,
2023-09-11 00:00:00,
2023-09-12 00:00:00,
2023-09-13 00:00:00,
2023-09-14 00:00:00,
2023-09-15 00:00:00,
2023-09-16 00:00:00,
2023-09-17 00:00:00,
2023-09-18 00:00:00,
2023-09-19 00:00:00,
2023-09-20 00:00:00,
2023-09-21 00:00:00,
2023-09-22 00:00:00,
2023-09-23 00:00:00,
2023-09-24 00:00:00,
2023-09-25 00:00:00,
2023-09-26 00:00:00,
2023-09-27 00:00:00,
2023-09-28 00:00:00,
2023-09-29 00:00:00,
2023-09-30 00:00:00,
2023-10-01 00:00:00,
2023-10-02 00:00:00,
2023-10-03 00:00:00,
2023-10-04 00:00:00,
2023-10-05 00:00:00,
2023-10-06 00:00:00,
2023-10-07 00:00:00,
2023-10-08 00:00:00,
2023-10-09 00:00:00,
2023-10-10 00:00:00,
2023-10-11 00:00:00,
2023-10-12 00:00:00,
2023-10-13 00:00:00,
2023-10-14 00:00:00,
2023-10-15 00:00:00,
2023-10-16 00:00:00,
2023-10-17 00:00:00,
2023-10-18 00:00:00,
2023-10-19 00:00:00,
2023-10-20 00:00:00,
2023-10-21 00:00:00,
2023-10-22 00:00:00,
2023-10-23 00:00:00,
2023-10-24 00:00:00,
2023-10-25 00:00:00,
2023-10-26 00:00:00,
2023-10-27 00:00:00,
2023-10-28 00:00:00,
2023-10-29 00:00:00,
2023-10-30 00:00:00,
2023-10-31 00:00:00,
2023-11-01 00:00:00,
2023-11-02 00:00:00,
2023-11-03 00:00:00,
2023-11-04 00:00:00,
2023-11-05 00:00:00,
2023-11-06 00:00:00,
2023-11-07 00:00:00,
2023-11-08 00:00:00,
2023-11-09 00:00:00,
2023-11-10 00:00:00,
2023-11-11 00:00:00,
2023-11-12 00:00:00,
2023-11-13 00:00:00,
2023-11-14 00:00:00,
2023-11-15 00:00:00,
2023-11-16 00:00:00,
2023-11-17 00:00:00,
2023-11-18 00:00:00,
2023-11-19 00:00:00,
2023-11-20 00:00:00,
2023-11-21 00:00:00,
2023-11-22 00:00:00,
2023-11-23 00:00:00,
2023-11-24 00:00:00,
2023-11-25 00:00:00,
2023-11-26 00:00:00,
2023-11-27 00:00:00,
2023-11-28 00:00:00,
2023-11-29 00:00:00,
2023-11-30 00:00:00,
2023-12-01 00:00:00,
2023-12-02 00:00:00,
2023-12-03 00:00:00,
2023-12-04 00:00:00,
2023-12-05 00:00:00,
2023-12-06 00:00:00,
2023-12-07 00:00:00,
2023-12-08 00:00:00,
2023-12-09 00:00:00,
2023-12-10 00:00:00,
2023-12-11 00:00:00,
2023-12-12 00:00:00,
2023-12-13 00:00:00,
2023-12-14 00:00:00,
2023-12-15 00:00:00,
2023-12-16 00:00:00,
2023-12-17 00:00:00,
2023-12-18 00:00:00,
2023-12-19 00:00:00,
2023-12-20 00:00:00,
2023-12-21 00:00:00,
2023-12-22 00:00:00,
2023-12-23 00:00:00,
2023-12-24 00:00:00,
2023-12-25 00:00:00,
2023-12-26 00:00:00,
2023-12-27 00:00:00,
2023-12-28 00:00:00,
2023-12-29 00:00:00,
2023-12-30 00:00:00,
2023-12-31 00:00:00,
2024-01-01 00:00:00,
2024-01-02 00:00:00,
2024-01-03 00:00:00,
2024-01-04 00:00:00,
2024-01-05 00:00:00,
2024-01-06 00:00:00,
2024-01-07 00:00:00,
2024-01-08 00:00:00,
2024-01-09 00:00:00,
2024-01-10 00:00:00,
2024-01-11 00:00:00,
2024-01-12 00:00:00,
2024-01-13 00:00:00,
2024-01-14 00:00:00,
2024-01-15 00:00:00,
2024-01-16 00:00:00,
2024-01-17 00:00:00,
2024-01-18 00:00:00,
2024-01-19 00:00:00,
2024-01-20 00:00:00,
2024-01-21 00:00:00,
2024-01-22 00:00:00,
2024-01-23 00:00:00,
2024-01-24 00:00:00,
2024-01-25 00:00:00,
2024-01-26 00:00:00,
2024-01-27 00:00:00,
2024-01-28 00:00:00,
2024-01-29 00:00:00,
2024-01-30 00:00:00,
2024-01-31 00:00:00,
2024-02-01 00:00:00,
2024-02-02 00:00:00,
2024-02-03 00:00:00,
2024-02-04 00:00:00,
2024-02-05 00:00:00,
2024-02-06 00:00:00,
2024-02-07 00:00:00,
2024-02-08 00:00:00,
2024-02-09 00:00:00,
2024-02-10 00:00:00,
2024-02-11 00:00:00,
2024-02-12 00:00:00,
2024-02-13 00:00:00,
2024-02-14 00:00:00,
2024-02-15 00:00:00,
2024-02-16 00:00:00,
2024-02-17 00:00:00,
2024-02-18 00:00:00,
2024-02-19 00:00:00,
2024-02-20 00:00:00,
2024-02-21 00:00:00,
2024-02-22 00:00:00,
2024-02-23 00:00:00,
2024-02-24 00:00:00,
2024-02-25 00:00:00,
2024-02-26 00:00:00,
2024-02-27 00:00:00,
2024-02-28 00:00:00,
2024-02-29 00:00:00,
2024-03-01 00:00:00,
2024-03-02 00:00:00,
2024-03-03 00:00:00,
2024-03-04 00:00:00,
2024-03-05 00:00:00,
2024-03-06 00:00:00,
2024-03-07 00:00:00,
2024-03-08 00:00:00,
2024-03-09 00:00:00,
2024-03-10 00:00:00,
2024-03-11 00:00:00,
2024-03-12 00:00:00,
2024-03-13 00:00:00,
2024-03-14 00:00:00,
2024-03-15 00:00:00,
2024-03-16 00:00:00,
2024-03-17 00:00:00,
2024-03-18 00:00:00,
2024-03-19 00:00:00,
2024-03-20 00:00:00,
2024-03-21 00:00:00,
2024-03-22 00:00:00,
2024-03-23 00:00:00,
2024-03-24 00:00:00,
2024-03-25 00:00:00,
2024-03-26 00:00:00,
2024-03-27 00:00:00,
2024-03-28 00:00:00,
2024-03-29 00:00:00,
2024-03-30 00:00:00,
2024-03-31 00:00:00,
2024-04-01 00:00:00,
2024-04-02 00:00:00,
2024-04-03 00:00:00,
2024-04-04 00:00:00,
2024-04-05 00:00:00,
2024-04-06 00:00:00,
2024-04-07 00:00:00,
2024-04-08 00:00:00,
2024-04-09 00:00:00,
2024-04-10 00:00:00,
2024-04-11 00:00:00,
2024-04-12 00:00:00,
2024-04-13 00:00:00,
2024-04-14 00:00:00,
estimated_recoveries,"date
2020-01-05         0.0
2020-01-06         0.0
2020-01-07         0.0
2020-01-08         0.0
2020-01-09         0.0
                ...   
2024-04-10    170425.0
2024-04-11    170425.0
2024-04-12    170425.0
2024-04-13    170425.0
2024-04-14    170425.0
Name: United States, Length: 1562, dtype: float64"
